chrom	arm	start	end	clone	n_cell	allele	cnv_type
1	p	1	125000000	4	7	A	loss
1	q	130000001	249250621	1	227	AAAAB	gain
1	q	130000001	249250621	2	221	AAAAB	gain
1	q	130000001	249250621	3	34	AAAAB	gain
1	q	130000001	249250621	4	7	AAA	gain
2	p	1	141039268	1	227	AAB	gain
2	p	1	141039268	2	221	ABB	gain
2	p	1	141039268	3	34	ABB	gain
2	p	1	141039268	4	7	ABB	gain
2	q	141039269	243199373	1	227	AAB	gain
2	q	141039269	243199373	3	34	ABB	gain
3	q	47876764	198022430	1	227	AAB	gain
7	NA	1	159138663	1	227	AAB	gain
13	NA	1	115169878	4	7	A	loss
14	NA	1	107349540	1	227	A	loss
14	NA	1	107349540	2	221	B	loss
14	NA	1	107349540	3	34	B	loss
14	NA	1	107349540	4	7	B	loss
17	q	41865690	81195210	1	227	AAB	gain
17	q	41865690	81195210	2	221	AAB	gain
17	q	41865690	81195210	3	34	AAB	gain
17	q	41865690	81195210	4	7	AAB	gain
19	p	1	16857901	1	227	AAB	gain
8	NA	1	146364022	4	7	NA	gain
9	NA	1	141213431	4	7	NA	gain
10	NA	1	135534747	4	7	NA	gain
11	NA	1	135006516	4	7	NA	gain
12	NA	1	133851895	4	7	NA	gain
15	NA	1	102531392	4	7	NA	gain
20	NA	1	63025520	4	7	NA	gain
21	NA	1	48129895	4	7	NA	gain
22	NA	1	51304566	4	7	NA	gain
10	NA	1	135534747	1	227	AA	loh