chrom	start	end	cnv_type	clone
chr7	75482241	141782872	gain	Clone 1
chr8	88947177	145138636	gain	Clone 1
chr12	1	22304665	gain	Clone 1
chr16	60244283	90338345	gain	Clone 1
chr19	1	8362140	gain	Clone 1
chr19	15087311	22854832	gain	Clone 1
chr1	106070382	109336918	loss	Clone 1
chr4	57973661	190214555	loss	Clone 1
chr9	1	5295544	loss	Clone 1
chr9	116363097	125555892	loss	Clone 1
chr11	1	48255164	loss	Clone 1
chr13	25873889	82395665	loss	Clone 1
chrX	89265030	101699447	loss	Clone 1
chrX	105244393	143821762	loss	Clone 1
chr7	75482241	159345973	gain	Clone 2
chr8	87908280	145138636	gain	Clone 2
chr1	236859104	240435745	loss	Clone 2
chr2	131558494	139335119	loss	Clone 2
chr3	158487378	165715121	loss	Clone 2
chr3	187273033	198295559	loss	Clone 2
chr6	87789614	170805979	loss	Clone 2
chr7	1	10531011	loss	Clone 2
chr8	1	2896900	loss	Clone 2
chr9	1	34932518	loss	Clone 2
chr9	116363097	125046225	loss	Clone 2
chr11	1	13240941	loss	Clone 2
chr11	80600486	84694416	loss	Clone 2
chr12	9283584	14097526	loss	Clone 2
chr13	1	67080495	loss	Clone 2
chr14	32617760	107043718	loss	Clone 2
chr18	77668938	80373285	loss	Clone 2
chr19	33438320	58617616	loss	Clone 2
chr21	1	14385454	loss	Clone 2
chrX	1	101161189	loss	Clone 2
chrX	105244393	143821762	loss	Clone 2
chr7	75482241	109344348	gain	Clone 3
chr7	134070182	159345973	gain	Clone 3
chr8	101904475	138405119	gain	Clone 3
chr12	1	7178380	gain	Clone 3
chr15	65717703	101991189	gain	Clone 3
chr19	1	21764958	gain	Clone 3
chr1	230703074	240435745	loss	Clone 3
chr3	36596542	39681729	loss	Clone 3
chr3	158487378	166237330	loss	Clone 3
chr3	187273033	198295559	loss	Clone 3
chr4	148913253	154546093	loss	Clone 3
chr6	100704985	170805979	loss	Clone 3
chr7	1	10531011	loss	Clone 3
chr7	66005623	75482240	loss	Clone 3
chr8	1	2896900	loss	Clone 3
chr9	1	34932518	loss	Clone 3
chr9	116363097	125046225	loss	Clone 3
chr10	62569888	133797422	loss	Clone 3
chr11	1	13240941	loss	Clone 3
chr13	1	67080495	loss	Clone 3
chr14	32617760	107043718	loss	Clone 3
chr15	1	34783374	loss	Clone 3
chr19	32925730	58617616	loss	Clone 3
chrX	1	101699447	loss	Clone 3
chrX	105244393	143821762	loss	Clone 3
